Date,Sampling_no,ICP_vial_no,Core_no,Temp_treatment,P_treatment,Redox,Calcium mg/L,Iron mg/L,Manganese mg/L,Sulfur mg/L,Lanthanum mg/L,Aluminium mg/L,Comments
2018-06-21,pond sampling,NA,1-a,NA,NA,NA,NA,NA,NA,NA,NA,NA,
2018-06-21,pond sampling,NA,1-b,NA,NA,NA,NA,NA,NA,NA,NA,NA,
2018-06-21,pond sampling,NA,2-a,NA,NA,NA,NA,NA,NA,NA,NA,NA,
2018-06-21,pond sampling,NA,2-b,NA,NA,NA,NA,NA,NA,NA,NA,NA,
2018-06-21,pond sampling,NA,3-a,NA,NA,NA,NA,NA,NA,NA,NA,NA,
2018-06-21,pond sampling,NA,3-b,NA,NA,NA,NA,NA,NA,NA,NA,NA,
2018-06-26,1,NA,1,HW,LMB,Y,NA,NA,NA,NA,NA,NA,
2018-06-26,1,NA,2,HW,B,Y,NA,NA,NA,NA,NA,NA,
2018-06-26,1,NA,3,HW,C,Y,NA,NA,NA,NA,NA,NA,
2018-06-26,1,NA,4,HW,LMB,Y,NA,NA,NA,NA,NA,NA,
2018-06-26,1,NA,5,HW,B,Y,NA,NA,NA,NA,NA,NA,
2018-06-26,1,NA,6,HW,C,Y,NA,NA,NA,NA,NA,NA,
2018-06-26,1,NA,7,HW,LMB,N,NA,NA,NA,NA,NA,NA,
2018-06-26,1,NA,8,HW,B,N,NA,NA,NA,NA,NA,NA,
2018-06-26,1,NA,9,HW,C,N,NA,NA,NA,NA,NA,NA,
2018-06-26,1,NA,10,HW,LMB,N,NA,NA,NA,NA,NA,NA,
2018-06-26,1,NA,11,HW,B,N,NA,NA,NA,NA,NA,NA,
2018-06-26,1,NA,12,HW,C,N,NA,NA,NA,NA,NA,NA,
2018-06-26,1,NA,13,HW,LMB,N,NA,NA,NA,NA,NA,NA,
2018-06-26,1,NA,14,HW,B,N,NA,NA,NA,NA,NA,NA,
2018-06-26,1,NA,15,HW,C,N,NA,NA,NA,NA,NA,NA,
2018-06-26,1,NA,16,HW,LMB,N,NA,NA,NA,NA,NA,NA,
2018-06-26,1,NA,17,HW,B,N,NA,NA,NA,NA,NA,NA,
2018-06-26,1,NA,18,HW,C,N,NA,NA,NA,NA,NA,NA,
2018-06-26,1,NA,19,T,LMB,Y,NA,NA,NA,NA,NA,NA,
2018-06-26,1,NA,20,T,B,Y,NA,NA,NA,NA,NA,NA,
2018-06-26,1,NA,21,T,C,Y,NA,NA,NA,NA,NA,NA,
2018-06-26,1,NA,22,T,LMB,Y,NA,NA,NA,NA,NA,NA,
2018-06-26,1,NA,23,T,B,Y,NA,NA,NA,NA,NA,NA,
2018-06-26,1,NA,24,T,C,Y,NA,NA,NA,NA,NA,NA,
2018-06-26,1,NA,25,T,LMB,N,NA,NA,NA,NA,NA,NA,
2018-06-26,1,NA,26,T,B,N,NA,NA,NA,NA,NA,NA,
2018-06-26,1,NA,27,T,C,N,NA,NA,NA,NA,NA,NA,
2018-06-26,1,NA,28,T,LMB,N,NA,NA,NA,NA,NA,NA,
2018-06-26,1,NA,29,T,B,N,NA,NA,NA,NA,NA,NA,
2018-06-26,1,NA,30,T,C,N,NA,NA,NA,NA,NA,NA,
2018-06-26,1,NA,31,T,LMB,N,NA,NA,NA,NA,NA,NA,
2018-06-26,1,NA,32,T,B,N,NA,NA,NA,NA,NA,NA,
2018-06-26,1,NA,33,T,C,N,NA,NA,NA,NA,NA,NA,
2018-06-26,1,NA,34,T,LMB,N,NA,NA,NA,NA,NA,NA,
2018-06-26,1,NA,35,T,B,N,NA,NA,NA,NA,NA,NA,
2018-06-26,1,NA,36,T,C,N,NA,NA,NA,NA,NA,NA,
2018-06-26,1,NA,37,T,NA,N,NA,NA,NA,NA,NA,NA,
2018-06-26,1,NA,38,T,NA,N,NA,NA,NA,NA,NA,NA,
2018-06-26,1,NA,39,T,NA,N,NA,NA,NA,NA,NA,NA,
2018-06-28,2,NA,1,HW,LMB,Y,NA,NA,NA,NA,NA,NA,
2018-06-28,2,NA,2,HW,B,Y,NA,NA,NA,NA,NA,NA,
2018-06-28,2,NA,3,HW,C,Y,NA,NA,NA,NA,NA,NA,
2018-06-28,2,NA,4,HW,LMB,Y,NA,NA,NA,NA,NA,NA,
2018-06-28,2,NA,5,HW,B,Y,NA,NA,NA,NA,NA,NA,
2018-06-28,2,NA,6,HW,C,Y,NA,NA,NA,NA,NA,NA,
2018-06-28,2,NA,7,HW,LMB,N,NA,NA,NA,NA,NA,NA,
2018-06-28,2,NA,8,HW,B,N,NA,NA,NA,NA,NA,NA,
2018-06-28,2,NA,9,HW,C,N,NA,NA,NA,NA,NA,NA,
2018-06-28,2,NA,10,HW,LMB,N,NA,NA,NA,NA,NA,NA,
2018-06-28,2,NA,11,HW,B,N,NA,NA,NA,NA,NA,NA,
2018-06-28,2,NA,12,HW,C,N,NA,NA,NA,NA,NA,NA,
2018-06-28,2,NA,13,HW,LMB,N,NA,NA,NA,NA,NA,NA,
2018-06-28,2,NA,14,HW,B,N,NA,NA,NA,NA,NA,NA,
2018-06-28,2,NA,15,HW,C,N,NA,NA,NA,NA,NA,NA,
2018-06-28,2,NA,16,HW,LMB,N,NA,NA,NA,NA,NA,NA,
2018-06-28,2,NA,17,HW,B,N,NA,NA,NA,NA,NA,NA,
2018-06-28,2,NA,18,HW,C,N,NA,NA,NA,NA,NA,NA,
2018-06-28,2,NA,19,T,LMB,Y,NA,NA,NA,NA,NA,NA,
2018-06-28,2,NA,20,T,B,Y,NA,NA,NA,NA,NA,NA,
2018-06-28,2,NA,21,T,C,Y,NA,NA,NA,NA,NA,NA,
2018-06-28,2,NA,22,T,LMB,Y,NA,NA,NA,NA,NA,NA,
2018-06-28,2,NA,23,T,B,Y,NA,NA,NA,NA,NA,NA,
2018-06-28,2,NA,24,T,C,Y,NA,NA,NA,NA,NA,NA,
2018-06-28,2,NA,25,T,LMB,N,NA,NA,NA,NA,NA,NA,
2018-06-28,2,NA,26,T,B,N,NA,NA,NA,NA,NA,NA,
2018-06-28,2,NA,27,T,C,N,NA,NA,NA,NA,NA,NA,
2018-06-28,2,NA,28,T,LMB,N,NA,NA,NA,NA,NA,NA,
2018-06-28,2,NA,29,T,B,N,NA,NA,NA,NA,NA,NA,
2018-06-28,2,NA,30,T,C,N,NA,NA,NA,NA,NA,NA,
2018-06-28,2,NA,31,T,LMB,N,NA,NA,NA,NA,NA,NA,
2018-06-28,2,NA,32,T,B,N,NA,NA,NA,NA,NA,NA,
2018-06-28,2,NA,33,T,C,N,NA,NA,NA,NA,NA,NA,
2018-06-28,2,NA,34,T,LMB,N,NA,NA,NA,NA,NA,NA,
2018-06-28,2,NA,35,T,B,N,NA,NA,NA,NA,NA,NA,
2018-06-28,2,NA,36,T,C,N,NA,NA,NA,NA,NA,NA,
2018-07-02,3,1,1,HW,LMB,Y,64.765,0.002,0.010,14.259,0.006,0.005,
2018-07-02,3,2,2,HW,B,Y,68.619,0.003,0.016,13.493,0.003,0.002,
2018-07-02,3,3,3,HW,C,Y,69.785,0.003,0.011,13.637,0.002,0.003,
2018-07-02,3,4,4,HW,LMB,Y,67.042,0.002,0.010,12.917,0.008,0.001,
2018-07-02,3,5,5,HW,B,Y,66.058,0.002,0.008,13.476,0.002,0.002,
2018-07-02,3,6,6,HW,C,Y,66.642,0.002,0.010,13.174,0.002,0.001,
2018-07-02,3,7,7,HW,LMB,N,64.258,0.003,0.006,11.946,0.005,0.008,
2018-07-02,3,8,8,HW,B,N,63.109,0.001,0.002,12.364,0.002,0.002,
2018-07-02,3,9,9,HW,C,N,64.623,0.001,0.003,13.316,0.001,0.002,
2018-07-02,3,10,10,HW,LMB,N,62.413,0.005,0.006,12.676,0.005,0.008,
2018-07-02,3,11,11,HW,B,N,65.355,0.001,0.002,13.652,0.002,0.001,
2018-07-02,3,12,12,HW,C,N,66.518,0.002,0.005,15.122,0.001,0.003,
2018-07-02,3,13,13,HW,LMB,N,63.481,0.002,0.006,13.526,0.002,0.000,
2018-07-02,3,14,14,HW,B,N,63.262,0.002,0.012,13.123,0.001,0.002,
2018-07-02,3,15,15,HW,C,N,64.554,0.001,0.005,14.670,0.001,0.002,
2018-07-02,3,16,16,HW,LMB,N,64.068,0.002,0.008,13.626,0.004,0.002,
2018-07-02,3,17,17,HW,B,N,66.648,0.001,0.004,12.043,0.002,0.002,
2018-07-02,3,18,18,HW,C,N,65.172,0.001,0.003,13.316,0.002,0.002,
2018-07-02,3,19,19,T,LMB,Y,59.553,0.001,0.004,13.224,0.004,0.001,
2018-07-02,3,20,20,T,B,Y,64.257,0.001,0.005,14.205,0.002,0.003,
2018-07-02,3,21,21,T,C,Y,63.363,0.003,0.005,13.685,0.001,0.003,
2018-07-02,3,22,22,T,LMB,Y,61.409,0.001,0.006,13.261,0.003,0.002,
2018-07-02,3,23,23,T,B,Y,63.483,0.000,0.004,13.799,0.001,0.004,
2018-07-02,3,24,24,T,C,Y,66.857,0.001,0.005,13.687,0.001,0.003,
2018-07-02,3,25,25,T,LMB,N,62.348,0.001,0.002,13.146,0.003,0.005,
2018-07-02,3,26,26,T,B,N,61.912,0.002,0.094,13.612,0.002,0.005,
2018-07-02,3,27,27,T,C,N,63.259,0.001,0.011,13.250,0.001,0.002,
2018-07-02,3,28,28,T,LMB,N,60.579,0.001,0.005,13.326,0.003,0.002,
2018-07-02,3,29,29,T,B,N,55.602,0.001,0.005,10.302,0.002,0.002,
2018-07-02,3,30,30,T,C,N,60.903,0.001,0.004,13.116,0.002,0.005,
2018-07-02,3,31,31,T,LMB,N,54.318,0.001,0.003,10.574,0.003,0.004,
2018-07-02,3,32,32,T,B,N,60.945,0.001,0.003,13.362,0.002,0.003,
2018-07-02,3,33,33,T,C,N,62.529,0.001,0.005,12.670,0.001,0.004,
2018-07-02,3,34,34,T,LMB,N,57.185,0.001,0.004,11.438,0.005,0.003,
2018-07-02,3,35,35,T,B,N,55.160,0.001,0.004,11.051,0.002,0.000,
2018-07-02,3,36,36,T,C,N,61.335,0.001,0.004,13.395,0.002,-0.001,
2018-07-04,4,NA,1,HW,LMB,Y,NA,NA,NA,NA,NA,NA,
2018-07-04,4,NA,2,HW,B,Y,NA,NA,NA,NA,NA,NA,
2018-07-04,4,NA,3,HW,C,Y,NA,NA,NA,NA,NA,NA,
2018-07-04,4,NA,4,HW,LMB,Y,NA,NA,NA,NA,NA,NA,
2018-07-04,4,NA,5,HW,B,Y,NA,NA,NA,NA,NA,NA,
2018-07-04,4,NA,6,HW,C,Y,NA,NA,NA,NA,NA,NA,
2018-07-04,4,NA,7,HW,LMB,N,NA,NA,NA,NA,NA,NA,
2018-07-04,4,NA,8,HW,B,N,NA,NA,NA,NA,NA,NA,
2018-07-04,4,NA,9,HW,C,N,NA,NA,NA,NA,NA,NA,
2018-07-04,4,NA,10,HW,LMB,N,NA,NA,NA,NA,NA,NA,
2018-07-04,4,NA,11,HW,B,N,NA,NA,NA,NA,NA,NA,
2018-07-04,4,NA,12,HW,C,N,NA,NA,NA,NA,NA,NA,
2018-07-04,4,NA,13,HW,LMB,N,NA,NA,NA,NA,NA,NA,
2018-07-04,4,NA,14,HW,B,N,NA,NA,NA,NA,NA,NA,
2018-07-04,4,NA,15,HW,C,N,NA,NA,NA,NA,NA,NA,
2018-07-04,4,NA,16,HW,LMB,N,NA,NA,NA,NA,NA,NA,
2018-07-04,4,NA,17,HW,B,N,NA,NA,NA,NA,NA,NA,
2018-07-04,4,NA,18,HW,C,N,NA,NA,NA,NA,NA,NA,
2018-07-04,4,NA,19,T,LMB,Y,NA,NA,NA,NA,NA,NA,
2018-07-04,4,NA,20,T,B,Y,NA,NA,NA,NA,NA,NA,
2018-07-04,4,NA,21,T,C,Y,NA,NA,NA,NA,NA,NA,
2018-07-04,4,NA,22,T,LMB,Y,NA,NA,NA,NA,NA,NA,
2018-07-04,4,NA,23,T,B,Y,NA,NA,NA,NA,NA,NA,
2018-07-04,4,NA,24,T,C,Y,NA,NA,NA,NA,NA,NA,
2018-07-04,4,NA,25,T,LMB,N,NA,NA,NA,NA,NA,NA,
2018-07-04,4,NA,26,T,B,N,NA,NA,NA,NA,NA,NA,
2018-07-04,4,NA,27,T,C,N,NA,NA,NA,NA,NA,NA,
2018-07-04,4,NA,28,T,LMB,N,NA,NA,NA,NA,NA,NA,
2018-07-04,4,NA,29,T,B,N,NA,NA,NA,NA,NA,NA,
2018-07-04,4,NA,30,T,C,N,NA,NA,NA,NA,NA,NA,
2018-07-04,4,NA,31,T,LMB,N,NA,NA,NA,NA,NA,NA,
2018-07-04,4,NA,32,T,B,N,NA,NA,NA,NA,NA,NA,
2018-07-04,4,NA,33,T,C,N,NA,NA,NA,NA,NA,NA,
2018-07-04,4,NA,34,T,LMB,N,NA,NA,NA,NA,NA,NA,
2018-07-04,4,NA,35,T,B,N,NA,NA,NA,NA,NA,NA,
2018-07-04,4,NA,36,T,C,N,NA,NA,NA,NA,NA,NA,
2018-07-06,5,NA,1,HW,LMB,Y,NA,NA,NA,NA,NA,NA,
2018-07-06,5,NA,2,HW,B,Y,NA,NA,NA,NA,NA,NA,
2018-07-06,5,NA,3,HW,C,Y,NA,NA,NA,NA,NA,NA,
2018-07-06,5,NA,4,HW,LMB,Y,NA,NA,NA,NA,NA,NA,
2018-07-06,5,NA,5,HW,B,Y,NA,NA,NA,NA,NA,NA,
2018-07-06,5,NA,6,HW,C,Y,NA,NA,NA,NA,NA,NA,
2018-07-06,5,NA,7,HW,LMB,N,NA,NA,NA,NA,NA,NA,
2018-07-06,5,NA,8,HW,B,N,NA,NA,NA,NA,NA,NA,
2018-07-06,5,NA,9,HW,C,N,NA,NA,NA,NA,NA,NA,
2018-07-06,5,NA,10,HW,LMB,N,NA,NA,NA,NA,NA,NA,
2018-07-06,5,NA,11,HW,B,N,NA,NA,NA,NA,NA,NA,
2018-07-06,5,NA,12,HW,C,N,NA,NA,NA,NA,NA,NA,
2018-07-06,5,NA,13,HW,LMB,N,NA,NA,NA,NA,NA,NA,
2018-07-06,5,NA,14,HW,B,N,NA,NA,NA,NA,NA,NA,
2018-07-06,5,NA,15,HW,C,N,NA,NA,NA,NA,NA,NA,
2018-07-06,5,NA,16,HW,LMB,N,NA,NA,NA,NA,NA,NA,
2018-07-06,5,NA,17,HW,B,N,NA,NA,NA,NA,NA,NA,
2018-07-06,5,NA,18,HW,C,N,NA,NA,NA,NA,NA,NA,
2018-07-06,5,NA,19,T,LMB,Y,NA,NA,NA,NA,NA,NA,
2018-07-06,5,NA,20,T,B,Y,NA,NA,NA,NA,NA,NA,
2018-07-06,5,NA,21,T,C,Y,NA,NA,NA,NA,NA,NA,
2018-07-06,5,NA,22,T,LMB,Y,NA,NA,NA,NA,NA,NA,
2018-07-06,5,NA,23,T,B,Y,NA,NA,NA,NA,NA,NA,
2018-07-06,5,NA,24,T,C,Y,NA,NA,NA,NA,NA,NA,
2018-07-06,5,NA,25,T,LMB,N,NA,NA,NA,NA,NA,NA,
2018-07-06,5,NA,26,T,B,N,NA,NA,NA,NA,NA,NA,
2018-07-06,5,NA,27,T,C,N,NA,NA,NA,NA,NA,NA,
2018-07-06,5,NA,28,T,LMB,N,NA,NA,NA,NA,NA,NA,
2018-07-06,5,NA,29,T,B,N,NA,NA,NA,NA,NA,NA,
2018-07-06,5,NA,30,T,C,N,NA,NA,NA,NA,NA,NA,
2018-07-06,5,NA,31,T,LMB,N,NA,NA,NA,NA,NA,NA,
2018-07-06,5,NA,32,T,B,N,NA,NA,NA,NA,NA,NA,
2018-07-06,5,NA,33,T,C,N,NA,NA,NA,NA,NA,NA,
2018-07-06,5,NA,34,T,LMB,N,NA,NA,NA,NA,NA,NA,
2018-07-06,5,NA,35,T,B,N,NA,NA,NA,NA,NA,NA,
2018-07-06,5,NA,36,T,C,N,NA,NA,NA,NA,NA,NA,
2018-07-09,6,37,1,HW,LMB,Y,65.689,0.002,0.039,14.830,0.003,0.005,
2018-07-09,6,38,2,HW,B,Y,68.358,0.001,0.016,14.519,0.001,0.004,
2018-07-09,6,39,3,HW,C,Y,54.359,0.003,0.009,8.131,0.001,0.006,
2018-07-09,6,40,4,HW,LMB,Y,65.659,0.001,0.007,13.820,0.001,0.004,
2018-07-09,6,41,5,HW,B,Y,65.846,0.001,0.009,14.105,0.001,0.004,
2018-07-09,6,42,6,HW,C,Y,66.325,0.002,0.004,14.099,0.001,0.004,
2018-07-09,6,43,7,HW,LMB,N,63.860,0.002,0.006,11.893,0.001,0.003,
2018-07-09,6,44,8,HW,B,N,37.839,0.001,0.002,6.725,0.001,0.003,
2018-07-09,6,45,9,HW,C,N,65.538,0.001,0.002,14.159,0.001,0.004,
2018-07-09,6,46,10,HW,LMB,N,63.946,0.001,0.002,13.769,0.002,0.002,
2018-07-09,6,47,11,HW,B,N,65.337,0.001,0.002,14.569,0.001,0.003,
2018-07-09,6,48,12,HW,C,N,66.093,0.001,0.002,16.538,0.001,0.003,
2018-07-09,6,49,13,HW,LMB,N,66.211,0.002,0.009,13.954,0.001,0.003,
2018-07-09,6,50,14,HW,B,N,65.222,0.001,0.022,14.050,0.001,0.002,
2018-07-09,6,51,15,HW,C,N,61.476,0.001,0.014,13.067,0.001,0.003,
2018-07-09,6,NA,16,HW,LMB,N,NA,NA,NA,NA,NA,NA,Falcon tube was not closed and water sample was lost
2018-07-09,6,52,17,HW,B,N,64.696,0.000,0.008,12.590,0.001,0.000,
2018-07-09,6,53,18,HW,C,N,65.776,0.001,0.002,13.304,0.001,0.003,
2018-07-09,6,54,19,T,LMB,Y,62.711,0.000,0.003,14.642,0.002,0.002,
2018-07-09,6,55,20,T,B,Y,63.882,0.001,0.003,14.489,0.001,0.005,
2018-07-09,6,56,21,T,C,Y,64.104,0.002,0.005,14.293,0.001,0.004,
2018-07-09,6,57,22,T,LMB,Y,61.523,0.001,0.007,13.528,0.002,0.003,
2018-07-09,6,58,23,T,B,Y,63.201,0.001,0.005,13.451,0.001,0.002,
2018-07-09,6,59,24,T,C,Y,67.212,0.001,0.008,14.127,0.001,0.003,
2018-07-09,6,60,25,T,LMB,N,63.056,0.001,0.003,13.236,0.002,0.005,
2018-07-09,6,61,26,T,B,N,61.809,0.001,0.005,14.139,0.001,0.006,
2018-07-09,6,62,27,T,C,N,61.715,0.001,0.006,13.322,0.001,0.005,
2018-07-09,6,63,28,T,LMB,N,62.362,0.001,0.004,13.910,0.002,0.002,
2018-07-09,6,64,29,T,B,N,62.541,0.001,0.003,13.292,0.001,0.004,
2018-07-09,6,65,30,T,C,N,62.776,0.001,0.004,13.880,0.001,0.003,
2018-07-09,6,66,31,T,LMB,N,60.502,0.001,0.004,13.428,0.002,0.002,
2018-07-09,6,67,32,T,B,N,60.854,0.000,0.005,13.793,0.001,0.003,
2018-07-09,6,68,33,T,C,N,60.363,0.000,0.004,12.790,0.001,0.000,
2018-07-09,6,69,34,T,LMB,N,63.549,0.001,0.003,11.932,0.003,0.003,
2018-07-09,6,70,35,T,B,N,61.705,0.000,0.004,12.809,0.001,0.002,
2018-07-09,6,71,36,T,C,N,63.017,0.000,0.004,14.079,0.001,0.002,
2018-07-11,7,NA,1,HW,LMB,Y,NA,NA,NA,NA,NA,NA,
2018-07-11,7,NA,2,HW,B,Y,NA,NA,NA,NA,NA,NA,
2018-07-11,7,NA,3,HW,C,Y,NA,NA,NA,NA,NA,NA,
2018-07-11,7,NA,4,HW,LMB,Y,NA,NA,NA,NA,NA,NA,
2018-07-11,7,NA,5,HW,B,Y,NA,NA,NA,NA,NA,NA,
2018-07-11,7,NA,6,HW,C,Y,NA,NA,NA,NA,NA,NA,
2018-07-11,7,NA,7,HW,LMB,N,NA,NA,NA,NA,NA,NA,
2018-07-11,7,NA,8,HW,B,N,NA,NA,NA,NA,NA,NA,
2018-07-11,7,NA,9,HW,C,N,NA,NA,NA,NA,NA,NA,
2018-07-11,7,NA,10,HW,LMB,N,NA,NA,NA,NA,NA,NA,
2018-07-11,7,NA,11,HW,B,N,NA,NA,NA,NA,NA,NA,
2018-07-11,7,NA,12,HW,C,N,NA,NA,NA,NA,NA,NA,
2018-07-11,7,NA,13,HW,LMB,N,NA,NA,NA,NA,NA,NA,
2018-07-11,7,NA,14,HW,B,N,NA,NA,NA,NA,NA,NA,
2018-07-11,7,NA,15,HW,C,N,NA,NA,NA,NA,NA,NA,
2018-07-11,7,NA,16,HW,LMB,N,NA,NA,NA,NA,NA,NA,
2018-07-11,7,NA,17,HW,B,N,NA,NA,NA,NA,NA,NA,
2018-07-11,7,NA,18,HW,C,N,NA,NA,NA,NA,NA,NA,
2018-07-11,7,NA,19,T,LMB,Y,NA,NA,NA,NA,NA,NA,
2018-07-11,7,NA,20,T,B,Y,NA,NA,NA,NA,NA,NA,
2018-07-11,7,NA,21,T,C,Y,NA,NA,NA,NA,NA,NA,
2018-07-11,7,NA,22,T,LMB,Y,NA,NA,NA,NA,NA,NA,
2018-07-11,7,NA,23,T,B,Y,NA,NA,NA,NA,NA,NA,
2018-07-11,7,NA,24,T,C,Y,NA,NA,NA,NA,NA,NA,
2018-07-11,7,NA,25,T,LMB,N,NA,NA,NA,NA,NA,NA,
2018-07-11,7,NA,26,T,B,N,NA,NA,NA,NA,NA,NA,
2018-07-11,7,NA,27,T,C,N,NA,NA,NA,NA,NA,NA,
2018-07-11,7,NA,28,T,LMB,N,NA,NA,NA,NA,NA,NA,
2018-07-11,7,NA,29,T,B,N,NA,NA,NA,NA,NA,NA,
2018-07-11,7,NA,30,T,C,N,NA,NA,NA,NA,NA,NA,
2018-07-11,7,NA,31,T,LMB,N,NA,NA,NA,NA,NA,NA,
2018-07-11,7,NA,32,T,B,N,NA,NA,NA,NA,NA,NA,
2018-07-11,7,NA,33,T,C,N,NA,NA,NA,NA,NA,NA,
2018-07-11,7,NA,34,T,LMB,N,NA,NA,NA,NA,NA,NA,
2018-07-11,7,NA,35,T,B,N,NA,NA,NA,NA,NA,NA,
2018-07-11,7,NA,36,T,C,N,NA,NA,NA,NA,NA,NA,
2018-07-16,8,72,1,HW,LMB,Y,55.833,0.002,0.094,12.638,0.002,0.002,
2018-07-16,8,73,2,HW,B,Y,58.769,0.001,0.037,12.572,0.002,0.002,
2018-07-16,8,74,3,HW,C,Y,61.903,0.002,0.018,12.702,0.001,0.003,
2018-07-16,8,75,4,HW,LMB,Y,43.466,0.001,0.018,8.112,0.001,0.003,
2018-07-16,8,76,5,HW,B,Y,55.640,0.001,0.007,12.850,0.001,0.003,
2018-07-16,8,77,6,HW,C,Y,57.812,0.001,0.014,12.565,0.001,0.004,
2018-07-16,8,78,7,HW,LMB,N,35.851,0.001,0.006,5.460,0.001,0.002,
2018-07-16,8,79,8,HW,B,N,56.302,0.000,0.004,11.356,0.001,0.000,
2018-07-16,8,80,9,HW,C,N,58.099,0.001,0.004,12.776,0.001,0.002,
2018-07-16,8,81,10,HW,LMB,N,56.108,0.001,0.004,12.521,0.002,0.003,
2018-07-16,8,82,11,HW,B,N,46.491,0.001,0.006,9.814,0.001,0.001,
2018-07-16,8,83,12,HW,C,N,58.164,0.001,0.003,14.991,0.001,0.001,
2018-07-16,8,84,13,HW,LMB,N,56.360,0.001,0.005,12.476,0.001,0.003,
2018-07-16,8,85,14,HW,B,N,52.933,0.002,0.006,10.965,0.001,0.004,
2018-07-16,8,86,15,HW,C,N,45.429,0.001,0.006,10.497,0.001,0.003,
2018-07-16,8,87,16,HW,LMB,N,52.398,0.001,0.004,11.437,0.001,0.004,
2018-07-16,8,88,17,HW,B,N,57.464,0.001,0.004,11.209,0.001,0.002,
2018-07-16,8,89,18,HW,C,N,48.658,0.000,0.002,9.590,0.001,0.001,
2018-07-16,8,90,19,T,LMB,Y,53.461,0.001,0.011,11.899,0.002,0.010,
2018-07-16,8,91,20,T,B,Y,57.122,0.001,0.004,12.888,0.001,0.007,
2018-07-16,8,92,21,T,C,Y,56.952,0.002,0.016,12.406,0.001,0.005,
2018-07-16,8,93,22,T,LMB,Y,32.727,0.001,0.006,3.562,0.001,0.003,
2018-07-16,8,94,23,T,B,Y,56.033,0.000,0.006,12.030,0.001,0.002,
2018-07-16,8,95,24,T,C,Y,58.147,0.001,0.005,12.241,0.001,0.003,
2018-07-16,8,96,25,T,LMB,N,50.399,0.000,0.003,9.036,0.001,0.003,
2018-07-16,8,97,26,T,B,N,56.652,0.000,0.035,12.660,0.001,0.003,
2018-07-16,8,98,27,T,C,N,56.821,0.001,0.015,11.979,0.001,0.004,
2018-07-16,8,99,28,T,LMB,N,57.228,0.000,0.004,12.940,0.002,0.002,
2018-07-16,8,100,29,T,B,N,57.349,0.000,0.015,11.905,0.001,0.002,
2018-07-16,8,101,30,T,C,N,56.462,0.000,0.005,12.122,0.001,0.001,
2018-07-16,8,102,31,T,LMB,N,54.517,0.000,0.003,11.404,0.002,0.010,
2018-07-16,8,103,32,T,B,N,55.115,0.000,0.003,12.240,0.001,0.002,
2018-07-16,8,104,33,T,C,N,46.555,0.000,0.032,7.774,0.001,0.002,
2018-07-16,8,105,34,T,LMB,N,54.940,0.000,0.004,10.114,0.002,-0.001,
2018-07-16,8,106,35,T,B,N,56.254,0.000,0.049,11.355,0.001,0.001,
2018-07-16,8,107,36,T,C,N,56.154,0.000,0.005,11.842,0.001,0.002,
