Date,Sampling_no,Sample,Temp_treatment,P_treatment,Replicate,Layer,WW (g),DW_g,Muffle_g,Water_content_%,Sed_volume_ml,P_fractions data to be included per core and layer,Density_gWW_ml,Specific_density_gDW_ml,Org_matter_g_ml,Comment,,,,,,
2018-07-18,9,07,HW,LMB,1,1,8.501,1.788,1.665,0.79,7,,1.214,0.255,0.0176,"muffled: 19.7.2018, DW and MUFFLE weight were weight without dessiccator use",,,,,,
2018-07-18,9,07,HW,LMB,1,2,8.676,2.082,1.907,0.76,7,,1.239,0.297,0.0250,"muffled: 19.7.2018, DW and MUFFLE weight were weight without dessiccator use",,,,,,
2018-07-18,9,07,HW,LMB,1,3,8.898,2.421,2.231,0.73,7,,1.271,0.346,0.0271,"muffled: 19.7.2018, DW and MUFFLE weight were weight without dessiccator use",,,,,,
2018-07-18,9,07,HW,LMB,1,4,8.827,2.497,2.294,0.72,7,,1.261,0.357,0.0290,"muffled: 19.7.2018, DW and MUFFLE weight were weight without dessiccator use",,,,,,
2018-07-18,9,07,HW,LMB,1,5,8.907,2.803,2.598,0.69,7,,1.272,0.400,0.0293,"muffled: 19.7.2018, DW and MUFFLE weight were weight without dessiccator use",,,,,,
2018-07-18,9,08,HW,B,1,1,9.125,2.805,2.641,0.69,7,,1.304,0.401,0.0234,"muffled: 19.7.2018, DW and MUFFLE weight were weight without dessiccator use",,,,,,
2018-07-18,9,08,HW,B,1,2,10.512,5.398,5.212,0.49,7,,1.502,0.771,0.0266,"muffled: 19.7.2018, DW and MUFFLE weight were weight without dessiccator use",,,,,,
2018-07-18,9,08,HW,B,1,3,10.156,5.174,4.958,0.49,7,,1.451,0.739,0.0309,"muffled: 19.7.2018, DW and MUFFLE weight were weight without dessiccator use",,,,,,
2018-07-18,9,08,HW,B,1,4,10.550,5.603,5.319,0.47,7,,1.507,0.800,0.0406,"muffled: 19.7.2018, DW and MUFFLE weight were weight without dessiccator use",,,,,,
2018-07-18,9,08,HW,B,1,5,11.846,7.125,6.903,0.40,7,,1.692,1.018,0.0317,"muffled: 19.7.2018, DW and MUFFLE weight were weight without dessiccator use",,,,,,
2018-07-19,9,09,HW,C,1,1,8.556,2.132,1.994,0.75,7,,1.222,0.305,0.0197,"muffled: 20.7.2018, 3hrs, then dessiccator",,,,,,
2018-07-19,9,09,HW,C,1,2,9.511,2.951,2.752,0.69,7,,1.359,0.422,0.0284,"muffled: 20.7.2018, 3hrs, then dessiccator",,,,,,
2018-07-19,9,09,HW,C,1,3,10.089,3.251,3.024,0.68,7,,1.441,0.464,0.0324,"muffled: 20.7.2018, 3hrs, then dessiccator",,,,,,
2018-07-19,9,09,HW,C,1,4,10.356,4.632,4.436,0.55,7,,1.479,0.662,0.0280,"muffled: 20.7.2018, 3hrs, then dessiccator",,,,,,
2018-07-19,9,09,HW,C,1,5,10.581,4.420,4.178,0.58,7,,1.512,0.631,0.0346,"muffled: 20.7.2018, 3hrs, then dessiccator",,,,,,
2018-07-19,9,10,HW,LMB,2,1,8.616,1.794,1.674,0.79,7,,1.231,0.256,0.0171,"muffled: 20.7.2018, 3hrs, then dessiccator",,,,,,
2018-07-19,9,10,HW,LMB,2,2,8.728,2.027,1.869,0.77,7,,1.247,0.290,0.0226,"muffled: 20.7.2018, 3hrs, then dessiccator",,,,,,
2018-07-19,9,10,HW,LMB,2,3,8.811,2.133,1.955,0.76,7,,1.259,0.305,0.0254,"muffled: 20.7.2018, 3hrs, then dessiccator",,,,,,
2018-07-19,9,10,HW,LMB,2,4,8.764,2.220,2.035,0.75,7,,1.252,0.317,0.0264,"muffled: 20.7.2018, 3hrs, then dessiccator",,,,,,
2018-07-19,9,10,HW,LMB,2,5,8.773,2.645,2.455,0.70,7,,1.253,0.378,0.0271,"muffled: 20.7.2018, 3hrs, then dessiccator",,,,,,
2018-07-19,9,11,HW,B,2,2,9.165,1.904,1.737,0.79,7,,1.309,0.272,0.0239,"muffled: 20.7.2018, 3hrs, then dessiccator",,,,,,
2018-07-19,9,11,HW,B,2,3,8.526,2.084,1.914,0.76,7,,1.218,0.298,0.0243,"muffled: 20.7.2018, 3hrs, then dessiccator",,,,,,
2018-07-19,9,11,HW,B,2,1,8.271,1.699,1.584,0.79,7,,1.182,0.243,0.0164,"muffled: 20.7.2018, 3hrs, then dessiccator",,,,,,
2018-07-19,9,11,HW,B,2,4,8.702,2.572,2.391,0.70,7,,1.243,0.367,0.0259,"muffled: 20.7.2018, 3hrs, then dessiccator",,,,,,
2018-07-19,9,11,HW,B,2,5,8.978,2.683,2.476,0.70,7,,1.283,0.383,0.0296,"muffled: 20.7.2018, 3hrs, then dessiccator",,,,,,
2018-07-19,9,12,HW,C,2,2,8.975,2.421,2.230,0.73,7,,1.282,0.346,0.0273,"muffled: 20.7.2018, 3hrs, then dessiccator",,,,,,
2018-07-19,9,12,HW,C,2,3,9.276,2.888,2.688,0.69,7,,1.325,0.413,0.0286,"muffled: 20.7.2018, 3hrs, then dessiccator",,,,,,
2018-07-19,9,12,HW,C,2,1,8.211,1.958,1.839,0.76,7,,1.173,0.280,0.0170,"muffled: 20.7.2018, 3hrs, then dessiccator",,,,,,
2018-07-19,9,12,HW,C,2,4,9.660,3.418,3.198,0.65,7,,1.380,0.488,0.0314,"muffled: 20.7.2018, 3hrs, then dessiccator",,,,,,
2018-07-19,9,12,HW,C,2,5,9.669,3.539,3.301,0.63,7,,1.381,0.506,0.0340,"muffled: 20.7.2018, 3hrs, then dessiccator",,,,,,
2018-07-19,9,13,HW,LMB,3,2,8.196,1.784,1.650,0.78,7,,1.171,0.255,0.0191,"muffled: 20.7.2018, 3hrs, then dessiccator",,,,,,
2018-07-19,9,13,HW,LMB,3,3,8.647,2.078,1.913,0.76,7,,1.235,0.297,0.0236,"muffled: 20.7.2018, 3hrs, then dessiccator",,,,,,
2018-07-19,9,13,HW,LMB,3,1,8.219,1.645,1.548,0.80,7,,1.174,0.235,0.0139,"muffled: 20.7.2018, 3hrs, then dessiccator",,,,,,
2018-07-19,9,13,HW,LMB,3,4,8.962,2.414,2.229,0.73,7,,1.280,0.345,0.0264,"muffled: 20.7.2018, 3hrs, then dessiccator",,,,,,
2018-07-19,9,13,HW,LMB,3,5,9.205,2.996,2.802,0.67,7,,1.315,0.428,0.0277,"muffled: 20.7.2018, 3hrs, then dessiccator, DW was once weight without using the dessiccator, weight was: 3.005",,,,,,
2018-07-19,9,14,HW,B,3,2,8.338,1.895,1.752,0.77,7,,1.191,0.271,0.0204,"muffled: 20.7.2018, 3hrs, then dessiccator, DW was once weight without using the dessiccator, weight was: 1.898",,,,,,
2018-07-19,9,14,HW,B,3,3,8.768,2.095,1.930,0.76,7,,1.253,0.299,0.0236,"muffled: 20.7.2018, 3hrs, then dessiccator, DW was once weight without using the dessiccator, weight was: 2.103",,,,,,
2018-07-19,9,14,HW,B,3,1,8.323,1.693,1.589,0.80,7,,1.189,0.242,0.0149,"muffled: 20.7.2018, 3hrs, then dessiccator, DW was once weight without using the dessiccator, weight was: 1.699",,,,,,
2018-07-19,9,14,HW,B,3,4,9.078,2.261,2.069,0.75,7,,1.297,0.323,0.0274,"muffled: 20.7.2018, 3hrs, then dessiccator, DW was once weight without using the dessiccator, weight was: 2.267",,,,,,
2018-07-19,9,14,HW,B,3,5,9.335,2.836,2.635,0.70,7,,1.334,0.405,0.0287,"muffled: 20.7.2018, 3hrs, then dessiccator",,,,,,
2018-07-20,9,15,HW,C,3,2,8.382,1.830,1.699,0.78,7,,1.197,0.261,0.0187,"muffled: 23.7.2018, 3hrs, then dessiccator",,,,,,
2018-07-20,9,15,HW,C,3,3,8.431,1.971,1.817,0.77,7,,1.204,0.282,0.0220,"muffled: 23.7.2018, 3hrs, then dessiccator",,,,,,
2018-07-20,9,15,HW,C,3,4,8.616,2.250,2.074,0.74,7,,1.231,0.321,0.0251,"muffled: 23.7.2018, 3hrs, then dessiccator",,,,,,
2018-07-20,9,15,HW,C,3,1,8.274,1.664,1.555,0.80,7,,1.182,0.238,0.0156,"muffled: 23.7.2018, 3hrs, then dessiccator",,,,,,
2018-07-20,9,15,HW,C,3,5,8.840,2.576,2.390,0.71,7,,1.263,0.368,0.0266,"muffled: 23.7.2018, 3hrs, then dessiccator",,,,,,
2018-07-20,9,16,HW,LMB,4,2,8.831,2.365,2.198,0.73,7,,1.262,0.338,0.0239,"muffled: 23.7.2018, 3hrs, then dessiccator",,,,,,
2018-07-20,9,16,HW,LMB,4,3,8.673,2.720,2.532,0.69,7,,1.239,0.389,0.0269,"muffled: 23.7.2018, 3hrs, then dessiccator",,,,,,
2018-07-20,9,16,HW,LMB,4,4,9.642,3.222,3.002,0.67,7,,1.377,0.460,0.0314,"muffled: 23.7.2018, 3hrs, then dessiccator",,,,,,
2018-07-20,9,16,HW,LMB,4,1,8.224,1.785,1.663,0.78,7,,1.175,0.255,0.0174,"muffled: 23.7.2018, 3hrs, then dessiccator",,,,,,
2018-07-20,9,16,HW,LMB,4,5,9.317,3.265,3.041,0.65,7,,1.331,0.466,0.0320,"muffled: 23.7.2018, 3hrs, then dessiccator",,,,,,
2018-07-20,9,17,HW,B,4,2,8.866,2.029,1.873,0.77,7,,1.267,0.290,0.0223,"muffled: 23.7.2018, 3hrs, then dessiccator",,,,,,
2018-07-20,9,17,HW,B,4,3,8.622,2.058,1.892,0.76,7,,1.232,0.294,0.0237,"muffled: 23.7.2018, 3hrs, then dessiccator",,,,,,
2018-07-20,9,17,HW,B,4,4,8.586,2.128,1.948,0.75,7,,1.227,0.304,0.0257,"muffled: 23.7.2018, 3hrs, then dessiccator",,,,,,
2018-07-20,9,17,HW,B,4,1,8.329,1.770,1.657,0.79,7,,1.190,0.253,0.0161,"muffled: 23.7.2018, 3hrs, then dessiccator",,,,,,
2018-07-20,9,17,HW,B,4,5,8.543,2.279,2.082,0.73,7,,1.220,0.326,0.0281,"muffled: 23.7.2018, 3hrs, then dessiccator",,,,,,
2018-07-20,9,18,HW,C,4,2,8.512,1.932,1.790,0.77,7,,1.216,0.276,0.0203,"muffled: 23.7.2018, 3hrs, then dessiccator",,,,,,
2018-07-20,9,18,HW,C,4,3,8.631,2.129,1.960,0.75,7,,1.233,0.304,0.0241,"muffled: 23.7.2018, 3hrs, then dessiccator",,,,,,
2018-07-20,9,18,HW,C,4,4,8.279,2.178,2.011,0.74,7,,1.183,0.311,0.0239,"muffled: 23.7.2018, 3hrs, then dessiccator",,,,,,
2018-07-20,9,18,HW,C,4,1,8.051,1.684,1.579,0.79,7,,1.150,0.241,0.0150,"muffled: 23.7.2018, 3hrs, then dessiccator",,,,,,
2018-07-20,9,18,HW,C,4,5,8.933,2.325,2.134,0.74,7,,1.276,0.332,0.0273,"muffled: 23.7.2018, 3hrs, then dessiccator",,,,,,
2018-07-20,9,25,T,LMB,1,1,8.352,1.790,1.668,0.79,7,,1.193,0.256,0.0174,"muffled: 23.7.2018, 3hrs, then dessiccator",,,,,,
2018-07-20,9,25,T,LMB,1,2,8.387,1.874,1.722,0.78,7,,1.198,0.268,0.0217,"muffled: 23.7.2018, 3hrs, then dessiccator",,,,,,
2018-07-20,9,25,T,LMB,1,3,8.624,1.995,1.814,0.77,7,,1.232,0.285,0.0259,"muffled: 23.7.2018, 3hrs, then dessiccator",,,,,,
2018-07-20,9,25,T,LMB,1,4,8.759,2.492,2.309,0.72,7,,1.251,0.356,0.0261,"muffled: 23.7.2018, 3hrs, then dessiccator",,,,,,
2018-07-20,9,25,T,LMB,1,5,8.621,2.620,2.422,0.70,7,,1.232,0.374,0.0283,"muffled: 23.7.2018, 3hrs, then dessiccator",,,,,,
2018-07-20,9,26,T,B,1,1,8.883,2.391,2.245,0.73,7,,1.269,0.342,0.0209,"muffled: 23.7.2018, 3hrs, then dessiccator",,,,,,
2018-07-20,9,26,T,B,1,2,9.288,3.208,3.020,0.65,7,,1.327,0.458,0.0269,"muffled: 23.7.2018, 3hrs, then dessiccator",,,,,,
2018-07-20,9,26,T,B,1,3,10.278,4.422,4.217,0.57,7,,1.468,0.632,0.0293,"muffled: 23.7.2018, 3hrs, then dessiccator",,,,,,
2018-07-20,9,26,T,B,1,4,9.966,4.479,4.261,0.55,7,,1.424,0.640,0.0311,"muffled: 23.7.2018, 3hrs, then dessiccator",,,,,,
2018-07-20,9,26,T,B,1,5,10.642,5.097,4.869,0.52,7,,1.520,0.728,0.0326,"muffled: 23.7.2018, 3hrs, then dessiccator",,,,,,
2018-07-21,9,27,T,C,1,3,8.987,2.441,2.258,0.73,7,,1.284,0.349,0.0261,"muffled: 25.7.2018, 3hrs, then dessiccator",,,,,,
2018-07-21,9,27,T,C,1,4,8.752,2.636,2.451,0.70,7,,1.250,0.377,0.0264,"muffled: 25.7.2018, 3hrs, then dessiccator",,,,,,
2018-07-21,9,27,T,C,1,5,9.946,3.543,3.325,0.64,7,,1.421,0.506,0.0311,"muffled: 25.7.2018, 3hrs, then dessiccator",,,,,,
2018-07-21,9,27,T,C,1,1,8.260,1.726,1.617,0.79,7,,1.180,0.247,0.0156,"muffled: 25.7.2018, 3hrs, then dessiccator",,,,,,
2018-07-21,9,27,T,C,1,2,8.622,2.097,1.944,0.76,7,,1.232,0.300,0.0219,"muffled: 25.7.2018, 3hrs, then dessiccator",,,,,,
2018-07-21,9,28,T,LMB,2,1,8.671,2.095,1.955,0.76,7,,1.239,0.299,0.0200,"muffled: 25.7.2018, 3hrs, then dessiccator",,,,,,
2018-07-21,9,28,T,LMB,2,2,8.499,2.263,2.089,0.73,7,,1.214,0.323,0.0249,"muffled: 25.7.2018, 3hrs, then dessiccator",,,,,,
2018-07-21,9,28,T,LMB,2,3,8.898,2.394,2.190,0.73,7,,1.271,0.342,0.0291,"muffled: 25.7.2018, 3hrs, then dessiccator",,,,,,
2018-07-21,9,28,T,LMB,2,4,9.273,2.746,2.527,0.70,7,,1.325,0.392,0.0313,"muffled: 25.7.2018, 3hrs, then dessiccator",,,,,,
2018-07-21,9,28,T,LMB,2,5,9.058,2.899,2.681,0.68,7,,1.294,0.414,0.0311,"muffled: 25.7.2018, 3hrs, then dessiccator",,,,,,
2018-07-23,9,29,T,B,2,1,8.818,2.230,2.074,0.75,7,,1.260,0.319,0.0223,"muffled: 25.7.2018, 3hrs, then dessiccator",,,,,,
2018-07-23,9,29,T,B,2,2,9.269,2.266,2.069,0.76,7,,1.324,0.324,0.0281,"muffled: 25.7.2018, 3hrs, then dessiccator",,,,,,
2018-07-23,9,29,T,B,2,3,8.562,2.277,2.079,0.73,7,,1.223,0.325,0.0283,"muffled: 25.7.2018, 3hrs, then dessiccator",,,,,,
2018-07-23,9,29,T,B,2,4,9.009,2.416,2.197,0.73,7,,1.287,0.345,0.0313,"muffled: 25.7.2018, 3hrs, then dessiccator",,,,,,
2018-07-23,9,29,T,B,2,5,8.941,2.748,2.534,0.69,7,,1.277,0.393,0.0306,"muffled: 25.7.2018, 3hrs, then dessiccator",,,,,,
2018-07-23,9,30,T,C,2,1,8.567,2.161,2.033,0.75,7,,1.224,0.309,0.0183,"muffled: 25.7.2018, 3hrs, then dessiccator",,,,,,
2018-07-23,9,30,T,C,2,2,9.105,2.738,2.550,0.70,7,,1.301,0.391,0.0269,"muffled: 25.7.2018, 3hrs, then dessiccator",,,,,,
2018-07-23,9,30,T,C,2,3,8.867,2.782,2.581,0.69,7,,1.267,0.397,0.0287,"muffled: 25.7.2018, 3hrs, then dessiccator",,,,,,
2018-07-23,9,30,T,C,2,4,8.933,2.879,2.672,0.68,7,,1.276,0.411,0.0296,"muffled: 25.7.2018, 3hrs, then dessiccator",,,,,,
2018-07-23,9,30,T,C,2,5,9.454,3.296,3.074,0.65,7,,1.351,0.471,0.0317,"muffled: 25.7.2018, 3hrs, then dessiccator",,,,,,
2018-07-23,9,31,T,LMB,3,1,8.764,1.769,1.652,0.80,7,,1.252,0.253,0.0167,"muffled: 25.7.2018, 3hrs, then dessiccator",,,,,,
2018-07-23,9,31,T,LMB,3,2,8.461,1.928,1.780,0.77,7,,1.209,0.275,0.0211,"muffled: 25.7.2018, 3hrs, then dessiccator",,,,,,
2018-07-23,9,31,T,LMB,3,3,8.875,2.037,1.861,0.77,7,,1.268,0.291,0.0251,"muffled: 25.7.2018, 3hrs, then dessiccator",,,,,,
2018-07-23,9,31,T,LMB,3,4,8.621,2.343,2.153,0.73,7,,1.232,0.335,0.0271,"muffled: 25.7.2018, 3hrs, then dessiccator",,,,,,
2018-07-23,9,31,T,LMB,3,5,8.874,2.514,2.308,0.72,7,,1.268,0.359,0.0294,"muffled: 25.7.2018, 3hrs, then dessiccator",,,,,,
2018-07-23,9,32,T,B,3,1,8.126,1.763,1.648,0.78,7,,1.161,0.252,0.0164,"muffled: 25.7.2018, 3hrs, then dessiccator",,,,,,
2018-07-23,9,32,T,B,3,2,8.748,1.908,1.747,0.78,7,,1.250,0.273,0.0230,"muffled: 25.7.2018, 3hrs, then dessiccator",,,,,,
2018-07-23,9,32,T,B,3,3,8.671,2.017,1.839,0.77,7,,1.239,0.288,0.0254,"muffled: 25.7.2018, 3hrs, then dessiccator",,,,,,
2018-07-23,9,32,T,B,3,4,9.021,2.301,2.112,0.74,7,,1.289,0.329,0.0270,"muffled: 25.7.2018, 3hrs, then dessiccator",,,,,,
2018-07-23,9,32,T,B,3,5,9.463,2.826,2.621,0.70,7,,1.352,0.404,0.0293,"muffled: 25.7.2018, 3hrs, then dessiccator",,,,,,
2018-07-25,9,33,T,C,3,1,8.605,1.762,1.645,0.80,7,,1.229,0.252,0.0167,"muffled: 26.7.2018, 3hrs, then dessiccator",,,,,,
2018-07-25,9,33,T,C,3,2,8.598,2.218,2.062,0.74,7,,1.228,0.317,0.0223,"muffled: 26.7.2018, 3hrs, then dessiccator",,,,,,
2018-07-25,9,33,T,C,3,3,8.716,2.578,2.396,0.70,7,,1.245,0.368,0.0260,"muffled: 26.7.2018, 3hrs, then dessiccator",,,,,,
2018-07-25,9,33,T,C,3,4,9.167,2.752,2.553,0.70,7,,1.310,0.393,0.0284,"muffled: 26.7.2018, 3hrs, then dessiccator",,,,,,
2018-07-25,9,33,T,C,3,5,10.562,4.910,4.719,0.54,7,,1.509,0.701,0.0273,"muffled: 26.7.2018, 3hrs, then dessiccator",,,,,,
2018-07-25,9,34,T,LMB,4,1,8.588,2.104,1.965,0.76,7,,1.227,0.301,0.0199,"muffled: 26.7.2018, 3hrs, then dessiccator",,,,,,
2018-07-25,9,34,T,LMB,4,2,8.681,2.140,1.975,0.75,7,,1.240,0.306,0.0236,"muffled: 26.7.2018, 3hrs, then dessiccator",,,,,,
2018-07-25,9,34,T,LMB,4,3,10.749,2.617,2.391,0.76,7,,1.536,0.374,0.0323,"muffled: 26.7.2018, 3hrs, then dessiccator",,,,,,
2018-07-25,9,34,T,LMB,4,4,8.959,2.629,2.441,0.71,7,,1.280,0.376,0.0269,"muffled: 26.7.2018, 3hrs, then dessiccator",,,,,,
2018-07-25,9,34,T,LMB,4,5,10.316,4.131,3.919,0.60,7,,1.474,0.590,0.0303,"muffled: 26.7.2018, 3hrs, then dessiccator",,,,,,
2018-07-25,9,35,T,B,4,1,8.549,3.183,2.978,0.63,7,,1.221,0.455,0.0293,"muffled: 26.7.2018, 3hrs, then dessiccator",,,,,,
2018-07-25,9,35,T,B,4,2,8.632,3.996,3.788,0.54,7,,1.233,0.571,0.0297,"muffled: 26.7.2018, 3hrs, then dessiccator",,,,,,
2018-07-25,9,35,T,B,4,3,8.554,2.332,2.160,0.73,7,,1.222,0.333,0.0246,"muffled: 26.7.2018, 3hrs, then dessiccator",,,,,,
2018-07-25,9,35,T,B,4,4,9.552,2.112,1.958,0.78,7,,1.365,0.302,0.0220,"muffled: 26.7.2018, 3hrs, then dessiccator",,,,,,
2018-07-25,9,35,T,B,4,5,9.821,1.807,1.677,0.82,7,,1.403,0.258,0.0186,"muffled: 26.7.2018, 3hrs, then dessiccator",,,,,,
2018-07-25,9,36,T,C,4,1,8.355,1.739,1.626,0.79,7,,1.194,0.248,0.0161,"muffled: 26.7.2018, 3hrs, then dessiccator",,,,,,
2018-07-25,9,36,T,C,4,2,8.301,2.048,1.894,0.75,7,,1.186,0.293,0.0220,"muffled: 26.7.2018, 3hrs, then dessiccator",,,,,,
2018-07-25,9,36,T,C,4,3,9.312,2.776,2.578,0.70,7,,1.330,0.397,0.0283,"muffled: 26.7.2018, 3hrs, then dessiccator",,,,,,
2018-07-25,9,36,T,C,4,4,9.350,3.166,2.952,0.66,7,,1.336,0.452,0.0306,"muffled: 26.7.2018, 3hrs, then dessiccator",,,,,,
2018-07-25,9,36,T,C,4,5,8.968,3.240,3.030,0.64,7,,1.281,0.463,0.0300,"muffled: 26.7.2018, 3hrs, then dessiccator",,,,,,
2018-06-26,1,37,NA,NA,1,1,9.722,3.117,2.943,0.68,7,,1.389,0.445,0.0249,"muffled: 19.7.2018, DW and MUFFLE weight were weight without dessiccator use",,,,,,
2018-06-26,1,37,NA,NA,1,2,7.640,3.257,3.075,0.57,7,,1.091,0.465,0.0260,"muffled: 19.7.2018, DW and MUFFLE weight were weight without dessiccator use",,,,,,
2018-06-26,1,37,NA,NA,1,3,9.012,4.670,4.482,0.48,7,,1.287,0.667,0.0269,"muffled: 19.7.2018, DW and MUFFLE weight were weight without dessiccator use",,,,,,
2018-06-26,1,37,NA,NA,1,4,9.835,4.112,3.825,0.58,7,,1.405,0.587,0.0410,"muffled: 19.7.2018, DW and MUFFLE weight were weight without dessiccator use",,,,,,
2018-06-26,1,37,NA,NA,1,5,10.188,4.651,4.363,0.54,7,,1.455,0.664,0.0411,"muffled: 19.7.2018, DW and MUFFLE weight were weight without dessiccator use",,,,,,
2018-06-26,1,38,NA,NA,2,1,9.449,2.134,1.983,0.77,7,,1.350,0.305,0.0216,"muffled: 19.7.2018, DW and MUFFLE weight were weight without dessiccator use",,,,,,
2018-06-26,1,38,NA,NA,2,2,8.496,2.189,2.011,0.74,7,,1.214,0.313,0.0254,"muffled: 19.7.2018, DW and MUFFLE weight were weight without dessiccator use",,,,,,
2018-06-26,1,38,NA,NA,2,3,8.629,2.317,2.130,0.73,7,,1.233,0.331,0.0267,"muffled: 19.7.2018, DW and MUFFLE weight were weight without dessiccator use",,,,,,
2018-06-26,1,38,NA,NA,2,4,9.244,3.029,2.816,0.67,7,,1.321,0.433,0.0304,"muffled: 19.7.2018, DW and MUFFLE weight were weight without dessiccator use",,,,,,
2018-06-26,1,38,NA,NA,2,5,9.732,3.950,3.740,0.59,7,,1.390,0.564,0.0300,"muffled: 19.7.2018, DW and MUFFLE weight were weight without dessiccator use",,,,,,
2018-06-26,1,39,NA,NA,3,1,8.474,1.646,1.531,0.81,7,,1.211,0.235,0.0164,"muffled: 19.7.2018, DW and MUFFLE weight were weight without dessiccator use",,,,,,
2018-06-26,1,39,NA,NA,3,2,8.641,1.916,1.769,0.78,7,,1.234,0.274,0.0210,"muffled: 19.7.2018, DW and MUFFLE weight were weight without dessiccator use",,,,,,
2018-06-26,1,39,NA,NA,3,3,8.452,2.031,1.864,0.76,7,,1.207,0.290,0.0239,"muffled: 19.7.2018, DW and MUFFLE weight were weight without dessiccator use",,,,,,
2018-06-26,1,39,NA,NA,3,4,8.761,2.158,1.962,0.75,7,,1.252,0.308,0.0280,"muffled: 19.7.2018, DW and MUFFLE weight were weight without dessiccator use",,,,,,
2018-06-26,1,39,NA,NA,3,5,8.986,2.816,2.608,0.69,7,,1.284,0.402,0.0297,"muffled: 19.7.2018, DW and MUFFLE weight were weight without dessiccator use",,,,,,
